{"train_loss": 0.0022750706411898136, "train_acc_5": 0.04285714285714286, "train_acc_10": 0.21428571428571427, "train_acc_60": 0.6324675324675325, "nonzero_train_acc_5": 0.0, "nonzero_train_acc_10": 0.015544041450777202, "nonzero_train_acc_60": 0.11398963730569948, "test_loss": 0.11797312647104263, "test_acc_5": 0.0, "test_acc_10": 0.15625, "test_acc_60": 0.6458333333333334, "nonzero_test_acc_5": 0.0, "nonzero_test_acc_10": 0.09523809523809523, "nonzero_test_acc_60": 0.38095238095238093}