{"train_loss": 0.002441651886329055, "train_acc_5": 0.0, "train_acc_10": 0.0, "train_acc_60": 0.7623376623376623, "nonzero_train_acc_5": 0.0, "nonzero_train_acc_10": 0.0, "nonzero_train_acc_60": 0.24352331606217617, "test_loss": 0.12292342633008957, "test_acc_5": 0.0, "test_acc_10": 0.0, "test_acc_60": 0.609375, "nonzero_test_acc_5": 0.0, "nonzero_test_acc_10": 0.0, "nonzero_test_acc_60": 0.2857142857142857}